NA,NA,NA,NA,NA,NA,NA,NA,NA,NA,NA,NA,NA,NA,NA,NA,NA,NA,NA,NA,NA,NA,NA,NA,NA,NA,NA,NA,NA,NA,NA,NA,NA,NA,NA,NA,NA,NA,NA,NA,NA,NA,NA,NA,NA,NA,NA,NA,NA,NA,NA,NA,NA,NA,NA,NA,NA,NA,NA,NA,NA,NA,NA,NA
2.334193099,2.51055586,3.409441785,3.14016894,3.074490712,2.193645424,3.392705068,3.174864365,3.499208812,4.006337123,3.045373163,2.960798884,3.925967902,1.863123029,1.17198619,3.476239282,4.766226914,4.400726252,2.634693437,2.521368292,2.527823495,1.836360361,4.221012195,3.836956712,4.977257494,5.347746444,3.734978929,2.851889082,3.079922309,5.424862725,5.821610458,5.82212895,4.060467811,4.749311278,4.770066443,6.090888516,4.558113969,2.056467055,2.233781915,2.283719357,1.62636093,4.175179096,2.877036271,3.289024316,4.936230791,2.989667747,3.201786992,3.28683326,6.479169431,5.75645393,4.843077613,7.768082282,6.895334978,6.410062878,1.371906806,2.796549425,6.740141521,1.306408997,2.565958177,4.957580141,5.064305952,5.653589878,5.401134581,100
1.657391269,4.243752819,3.490567775,2.359245415,3.608803786,3.346863487,3.641159142,2.914698087,4.403492234,3.589069826,3.204649816,4.47573494,3.74518685,2.072106672,4.935075207,6.79725059,2.747582641,4.85060896,3.29115242,4.462304137,5.370902052,3.663851798,2.65551416,3.94164926,2.855929598,4.758711792,2.791855777,2.046980809,5.269335467,2.314538967,2.628952456,2.465056728,5.141823412,8.204788213,6.468741518,4.07203442,3.006650642,2.95364287,2.385923487,5.189164116,2.32906788,3.222824271,4.647911456,6.662188537,3.345217868,2.539861896,2.001664393,2.083729835,2.403499234,1.556394607,5.721107069,2.006292324,2.432893516,6.796894095,3.400359158,7.170195303,7.810290322,8.047957413,2.511091506,3.079085576,6.610959677,3.207680203,4.60503125,100
2.408797564,3.118901533,5.003196706,3.746449927,2.930121489,3.166456583,3.252949958,4.559834875,3.526786355,1.572697985,4.890031795,4.596746121,4.230758518,3.342448685,4.176278888,3.789434222,3.781538591,3.051227,1.748994739,3.396886358,3.605155418,3.180142025,3.702959597,6.666395422,4.62592536,6.40892212,3.655732541,3.462066957,4.130630908,3.97379701,3.6886907,3.422301113,3.89037984,4.245321883,5.705478109,4.428581174,2.820069506,5.65295501,2.478559908,4.417091342,2.392238055,3.491054593,2.96855416,3.986968278,5.66131203,2.40814848,3.260279975,6.974378022,2.293688749,6.148169606,3.780486202,2.745298866,4.982570481,5.712803989,3.641100748,4.476244282,1.732753464,2.850663996,3.907092705,4.493313733,2.75682438,4.204833329,6.677073255,100
2.743439946,2.603025563,2.319971115,3.347365918,1.95796814,3.383277806,3.228865299,3.198059197,3.5074653,3.004566863,4.096111857,2.702498666,3.29120158,2.05004977,6.025916749,3.975571893,6.009897574,3.812200127,5.058338992,2.452632516,3.215012252,4.718175376,2.17843747,1.826344841,3.15625481,4.919729829,5.070010822,1.672024693,5.349933943,3.090751416,3.05351478,2.500370404,7.227521668,3.147912397,6.97354966,5.303875139,2.352370256,2.942502986,2.997765639,5.847214339,4.254619136,4.370574227,5.91251697,5.081039703,7.730035039,2.151444887,3.231865129,2.334120654,2.084116025,2.380773098,3.665337466,6.412090411,5.339207531,4.082035076,2.597695813,2.693916934,1.540880496,2.831524842,3.563723269,1.967398734,5.558261086,7.130945269,4.85928122,100
5.173685424,4.971219575,4.827268634,3.868655004,5.159015654,2.322141747,3.852909083,4.244058376,3.968849334,3.198316416,2.438054476,4.25724333,2.700281737,3.822392027,3.770518686,4.216402778,3.925879651,2.6796559,3.097761551,1.963877667,4.278866377,2.325277925,5.30535587,5.112852249,3.583072285,4.123332887,4.098301649,2.472605041,1.463997254,2.331712763,2.974496224,3.713787282,5.584670741,3.143473017,5.923106252,5.466883387,3.804532338,4.108997491,5.541524518,3.571191322,4.317323719,5.576153699,6.702753144,3.198810886,5.721351067,2.440555091,3.245076817,2.138463468,1.967786883,2.199700101,5.572315736,7.297605707,6.498728701,4.255189902,3.364991338,2.867722944,8.247854756,1.615923629,7.970440829,3.960460455,4.284274793,5.004987616,8.501957319,100
4.331487691,4.659087076,1.868018411,2.782789982,3.354116182,3.361650619,3.839396419,3.331545007,3.230976474,1.710526146,2.491763776,3.478990835,2.469294059,3.652736393,3.861110057,4.673692709,4.864982922,2.654734334,2.764138712,3.905262033,4.39380265,5.024482822,4.290789853,5.0424949,3.911851755,4.491923053,3.789829613,4.897624304,6.635099232,4.153159252,2.720444405,2.388757368,3.705685648,3.124693219,5.338386245,4.515875914,4.383880821,4.848154251,3.609815681,5.97456868,3.093552988,2.521191081,6.311329919,2.726984088,3.925190599,3.081099864,2.320214794,7.527252053,4.723470569,1.385778289,6.246811379,6.348457576,6.585885054,4.733761295,2.428471931,4.588774345,1.546128775,1.116629898,4.10753326,2.005284445,2.820125179,7.821966011,6.935610805,100
2.782098746,3.013708083,2.203789222,2.983241323,2.444638314,6.160569553,3.269948847,4.323114537,3.355629157,2.812385823,3.000999831,4.923263444,5.04019825,3.70612417,5.65288125,2.616317615,5.251307075,4.213051495,3.457554204,4.336679277,4.517622629,4.067369388,3.830394816,2.505645961,3.53702784,4.335334395,5.294838718,4.305820379,2.799339121,2.903218919,7.959022585,6.420880552,3.235215589,6.084060896,5.834426797,4.344514396,4.601058722,1.792225223,3.792706432,4.768585811,2.148004159,5.682052254,6.334585448,7.244317971,1.477911124,5.494534532,2.846570074,9.38926634,4.935164547,4.110421028,5.078148334,5.921100066,5.666869464,1.967728045,2.413996361,2.832014613,6.328116282,6.283233747,2.406441792,4.350340019,8.268481198,8.746357213,4.594033221,100
4.487176482,3.575648392,2.331909079,2.935849241,3.622838105,3.839341422,3.487102612,2.069228939,3.788013199,7.862355711,5.229800404,3.683967953,1.201617071,4.818682511,3.977568624,5.188464433,2.563708965,3.980146899,1.976877066,5.0751418,3.061646248,3.25864433,6.400469629,4.595392595,5.342475695,2.845640796,3.501391229,4.984824715,3.109969455,4.100088303,3.27517372,4.054669892,5.232364407,1.947590596,4.343615057,4.677210399,2.240158039,5.115423838,5.122121145,7.81865602,5.479932655,6.066344441,5.680616339,7.311177765,6.238754591,5.280400088,3.098168314,1.897034034,2.775733154,6.324891645,2.451437659,2.371924961,5.242225103,5.41172691,1.793567018,4.339763819,5.038848386,5.362634291,6.848825098,7.900177202,8.80092697,5.165114366,6.808882134,100
2.083416811,3.916113795,3.409223421,2.963635169,3.633230894,4.222659988,4.670761367,4.738885803,3.844609715,3.509660557,3.627398323,4.514683125,3.493389212,3.211709905,3.789195709,3.376674734,4.200576945,2.550448316,4.893633125,3.935378547,5.04615795,4.116659835,4.14349159,4.367379009,5.23798223,5.097454095,4.210467677,3.884908508,1.766872804,2.827634294,8.07965824,2.066770326,3.476213747,4.109022836,5.556093201,2.309467329,3.767985075,2.967309047,2.574768729,6.735833216,5.787637232,4.50863702,4.889305917,1.722461199,6.490542975,5.174503182,2.392695212,4.516240064,1.679435901,2.850142448,6.321189438,5.487907897,3.159678247,5.250113457,2.399542504,3.517400765,3.719021979,4.705668456,1.732757548,2.956240139,3.096697104,5.573346371,6.114657357,100
3.087862705,3.134704312,4.423741411,5.356729835,2.944742463,3.227226826,2.668997059,2.655313726,4.679161131,4.402782223,2.204586251,4.706298957,5.148856869,4.315599617,3.963393365,3.374157179,4.863442033,3.411544992,1.611061555,2.464827224,4.122735614,3.913330127,3.672939867,3.947949119,2.859647029,2.098739238,4.579767496,4.864135528,3.69588044,4.751264276,6.19820126,5.129749166,6.999522585,2.972141966,6.941157795,4.987102935,2.931237888,2.474503429,6.727994487,2.010946535,6.803815999,4.276829624,6.651116263,5.836361552,4.673796573,2.844948507,2.898273443,3.084307364,6.293411158,4.780858323,6.3133425,7.738905201,5.771640262,5.54038144,1.78185313,2.727841901,5.207433372,3.570789947,6.060686541,1.820420319,5.751632778,2.181281243,7.371411812,100
2.199608251,3.074943818,1.775022425,3.30110352,3.294087001,6.351399018,2.927593156,1.88828812,4.516646665,2.041550254,4.135169278,3.551501908,5.267347843,3.559613546,3.919704983,5.655140613,5.485804939,3.355308707,4.126398353,1.717188163,2.445854415,4.798069893,5.353796855,3.677086652,4.503296399,4.027785742,4.717892049,5.285300033,2.69556715,1.031211053,2.047744585,5.123976388,2.503271323,5.136520702,2.215454912,3.465827405,3.228762384,2.589663264,5.862265942,5.180078366,6.906925115,5.404311565,1.380115904,5.010226785,6.928031372,3.642640789,3.315590056,4.432158904,2.924434595,3.186326856,3.207733123,7.192633881,7.39326644,3.72444937,3.602199517,2.344349175,2.782128064,5.333077395,2.678793143,4.611436622,4.807280699,10.39556635,7.425694518,100
3.202593307,3.77988558,2.62511774,3.788545161,3.174953403,1.905993208,2.930893458,3.864806707,2.698954626,2.743811461,2.201156668,3.571821088,3.261833541,3.648442852,4.381083064,2.147656213,3.606961666,4.747461655,3.792625294,1.395303709,4.94653476,1.935098976,4.205611639,5.373657682,4.498575884,5.581752104,3.813359314,3.324232936,2.334687294,3.365811521,3.310269402,8.733110503,2.216204381,3.953257303,3.905471088,6.115667705,2.884167432,1.246571794,1.436351481,3.102885457,4.77182569,1.94541177,6.397506475,4.230441033,4.486314598,4.009352376,2.118888252,6.702211874,2.132215265,2.109328643,6.604887504,4.526979368,7.839584461,5.937295764,2.227213756,2.377759199,2.417658848,4.019744071,7.779494177,3.448841509,5.432130288,4.452111572,7.86844014,100
3.05625631,3.275346833,2.223248086,2.123709341,4.309216606,3.391133612,3.308933393,4.987521816,4.078719443,3.493392955,1.89988466,4.182254668,4.205869378,2.00215344,3.715907453,4.432341327,2.896646841,4.93923748,3.245978517,3.521340464,3.268384662,2.858936273,2.549794422,3.622110381,4.424878833,5.482786792,3.816785947,5.456376775,3.89758139,1.56465693,5.532688542,4.843469089,4.314533837,5.167596568,6.28247067,6.050936734,5.545325583,4.138068985,2.461271306,2.457697551,3.828061097,3.501913331,4.628147733,5.137693213,4.647335244,2.091223451,3.596568943,6.555394162,3.345572002,7.582872196,6.372987893,5.284237856,6.226226872,2.961989281,7.460303732,4.117190376,2.211570527,3.502117248,2.691438626,4.353272156,7.746172674,8.394089605,8.598768255,100
3.386285223,2.483465274,2.531316488,5.302526514,2.495284182,2.650434478,1.500895207,3.170346579,3.175769733,3.025841304,2.963392659,3.148400504,3.28374633,2.588507631,2.872137687,2.739207649,3.580498336,3.65228176,4.772165313,2.80330104,5.252591709,5.086507307,2.97657049,4.655359631,4.04088827,2.434364248,6.027808455,2.567553112,2.637677716,3.905618398,2.517781014,5.145367753,3.772018307,2.107975891,6.454604724,5.064732171,3.677609159,4.793503709,3.400838857,3.882495907,2.714353848,5.607046178,6.821010057,3.712057475,4.449466016,3.977436415,2.713290734,6.532621265,4.327832929,1.774805769,1.555614509,8.807713245,3.784090995,7.618083685,5.800259626,2.522402549,4.742047893,6.858633925,6.107840344,5.720094156,1.875129275,6.052101566,7.664543052,100
2.573201814,3.081190765,4.527899301,3.067155996,3.712864224,3.183580834,2.971635385,3.114032043,2.496438821,5.321769876,3.455804063,4.603814647,3.464039785,3.297749309,4.140129287,9.237221807,3.955529244,5.707184693,3.951085432,5.5625801,5.651571667,5.399520364,3.806518451,4.600526024,5.235552377,4.476577339,2.646825555,4.524211824,2.208466149,3.389345899,4.904616609,5.004231816,6.15452709,6.651686159,5.308798715,2.107514483,3.360862898,8.634432823,2.855126087,1.696594688,2.664343643,2.820735006,6.675975804,6.969825633,5.42273509,2.032331349,2.95522016,6.10222567,6.334798375,6.29948399,7.471442351,5.335393655,3.602732683,6.51569853,5.391281731,7.416894062,5.399727963,7.640691402,1.860288699,7.146557833,6.841682293,5.62021986,5.353252164,100
3.743633642,1.962883874,4.706240422,2.490340828,3.136234806,3.54216557,3.988416089,4.29270241,4.722109965,4.686381914,1.918597618,0.811632751,3.505894668,3.396636832,4.602747411,3.524820094,3.511763421,4.388578517,4.334035202,3.899566884,2.028443127,3.7944212,5.756033583,3.028836902,4.16125821,4.340631129,5.038695097,2.774715943,4.084868936,3.235807858,2.357283884,4.528866353,5.881982875,6.241676899,2.305109882,5.297054211,3.536819085,1.519308015,2.672986819,6.498821001,4.650308844,6.86403484,4.960119725,2.865480612,4.808605228,2.323139803,2.016979123,7.185195611,4.408044404,7.76817332,4.212807228,2.573505157,6.874088551,4.212848328,3.791526889,8.663167882,4.093251104,3.82583716,6.152939272,1.96953476,8.053469705,5.998880456,7.56079163,100
1.590160656,1.934941614,3.273207087,3.10776325,2.426594496,4.89002651,2.106629151,3.351903201,3.391669342,2.249973537,4.746161246,2.952645856,1.701021331,4.732399336,4.231322684,3.212784171,5.248989294,2.688014236,2.759649101,4.209685023,3.903019504,2.704477482,3.601853246,2.136516388,5.029734567,4.617780168,4.025497381,3.51310032,3.490832773,5.564927289,2.799865246,3.210359366,4.399643964,4.500813852,5.390903386,1.581459346,3.748732442,3.519111015,3.715342109,2.420172947,6.258427947,1.823842108,4.905673383,6.102172935,4.206513341,3.527298167,2.218003682,5.115107918,1.959781676,7.36835327,4.832135476,7.302071238,6.231692973,5.114877543,6.123827009,2.878370996,3.409547534,5.207657333,7.992522079,5.883061094,3.525006351,8.568050188,7.61830691,100
1.969677375,3.745693128,2.528926428,3.645204377,3.352481539,3.399122322,2.544700458,3.172561785,4.194475566,1.39036737,2.635068233,2.575406933,3.573973517,2.746563413,5.12887396,5.459399001,4.802593107,4.668351854,2.523790382,3.236218688,2.61354143,4.394852455,5.880341389,3.794391569,3.970095699,4.997660214,3.673439352,3.137112778,1.447424913,4.417920193,1.883802475,1.923777361,4.518747405,5.643625933,3.766840228,5.408267748,7.815507265,2.878860396,2.030446943,4.369678969,4.410563645,5.258995793,7.200560798,4.46917814,4.022369553,2.629553385,4.898451487,2.773061896,6.414242599,5.598597257,2.266609248,1.819776505,6.371503079,5.841328877,3.22829625,3.589591395,2.102764692,2.70271483,2.510301554,5.068209359,5.927561021,6.68128283,8.54937359,100
3.350342433,3.747208979,3.257612969,3.401285288,3.33545245,3.907839556,4.74103712,2.087807616,3.587616119,2.473195203,1.707259739,3.428739866,1.574748947,3.507183292,2.894193955,3.69703992,3.346727446,3.055200876,2.001066344,4.989158898,3.723781663,5.872325967,2.40038592,2.244025115,4.578612473,5.484762898,3.747587537,3.108032692,5.884900567,5.732012399,6.718388891,4.118984087,3.980610407,6.702832553,6.598084164,5.19799189,1.985137462,4.142716902,3.810454328,3.494663853,6.491665509,6.23008192,5.165469278,7.608185027,5.118215793,1.84638527,5.082855362,2.199361312,2.542655561,4.449877655,2.486418305,1.848764248,2.863790618,4.956613435,1.971060343,1.675018138,2.355993486,2.771052762,2.513096586,7.521121862,7.00936833,6.778931451,2.253923125,100
3.695633148,1.770188393,3.042402366,1.817340416,4.038679023,3.031288265,4.740886446,3.003516094,3.481413158,2.868317412,2.338837804,2.615263968,3.891412497,3.803668098,3.958006974,3.701940492,4.332629572,4.518157728,1.722301688,2.753099484,3.818018483,5.388517956,3.424218682,4.840839163,6.17542727,4.669883623,4.290382685,1.52213359,5.195722947,2.248146185,3.792406465,3.344814781,2.913420569,3.500154768,2.6991341,5.471218432,3.946034103,4.307908173,2.422717517,5.634181731,5.744551967,2.776795896,2.506496097,6.634500828,2.125097442,4.819489679,3.984050546,1.921965978,4.291080198,7.779365003,3.23254448,5.935231517,6.468412378,8.546529124,5.168112387,3.489552421,3.794324811,3.142296431,5.135018439,6.740849238,3.425756193,4.754199429,6.683018884,100
3.239205,2.995507587,3.092106687,3.083019069,1.91751046,3.894739243,3.361795075,4.615394421,4.285343243,1.924043193,4.160914103,2.481403379,2.333261568,3.954650763,5.547779879,5.178914073,3.762540394,4.522797929,3.334005601,2.858538096,2.715980475,2.020116251,5.688788557,4.252335482,3.034419011,2.2525878,4.221247982,2.680242585,2.658085836,6.772136666,4.224311027,2.935702705,2.346377047,6.820376121,5.37298771,4.158172971,2.076065693,1.127399015,2.85980139,3.41280856,2.939601288,4.612158582,5.051553382,4.428346218,6.372448907,1.68445943,5.091989828,2.123985643,3.04565802,2.010527162,3.27120955,3.613251475,11.60290228,4.517152591,3.136663574,5.170243537,2.319679339,8.04682507,4.238014596,5.14494633,6.082596782,5.792883936,7.311022888,100
2.266590338,2.14111279,3.31078227,2.133029612,4.461564876,2.65495861,3.961543168,3.379386254,2.940163605,3.879658428,3.397152088,2.164264193,5.455713128,2.005882382,1.340494707,5.05728585,3.807759523,4.714405824,2.108519339,1.79933861,5.9645304,5.184030484,2.791220589,4.957956543,6.233030772,4.931878675,3.542577581,1.838928251,4.75234588,4.490504524,4.209987715,2.659261277,3.112803959,2.771448201,5.65646986,5.587582753,3.64335359,4.235130578,5.923807943,6.116523832,3.787616268,5.199874331,7.596154758,2.329769645,4.717572456,4.575143899,7.462752448,6.482305399,3.416089201,7.555711649,6.001674173,3.898603554,5.319516103,7.26343186,3.969936536,7.2945083,2.69562991,6.005182689,2.775292033,9.43687841,2.424696688,7.355676543,6.993568109,100
5.497375224,4.137793819,2.164956155,3.761478127,4.327834172,2.191898943,3.379332688,3.019019244,3.297266331,2.93148874,5.282053489,2.193453139,2.917934684,2.411933233,5.301142509,3.538733245,4.389693502,3.089129685,3.332333313,1.813900025,2.404496412,3.724432376,5.843982671,3.096784391,3.037998988,5.112086273,3.490636425,2.805320795,2.390178919,5.166878542,6.305839169,3.282364661,5.21540363,6.786628262,6.11794515,5.125364829,4.32067953,2.20040888,1.947986132,3.666663591,4.648261764,4.214105404,4.87315091,4.091179839,2.924047059,3.948794125,2.219894421,3.152875036,3.234224057,6.884269792,5.893183652,5.972692802,6.280900833,2.161321739,1.319028709,1.943861518,7.507231857,3.707710725,2.85550593,4.772286048,5.222632778,3.252727529,6.217961995,100
2.853169968,2.114899784,5.727974323,2.861953536,3.223979918,2.271779378,3.526829516,3.897826756,3.579959114,3.135149996,4.00838056,2.95860954,2.302900002,3.721410481,4.267678983,1.774922313,5.95502155,4.534004096,5.141683774,6.559801184,4.645872563,3.180411899,4.56983869,5.273560288,4.355836656,2.423666373,4.2201331,4.286574261,3.649870309,2.051592678,2.42110438,5.994525893,4.338213797,3.279909089,6.089721156,5.29425017,1.61393945,5.23262452,3.969462659,1.581675007,5.217871633,1.60838918,4.098996128,6.789569969,5.85119149,2.849925673,4.380607995,2.665752816,7.44689363,6.999686944,4.841926212,5.207472445,4.925809841,5.296888314,3.16417526,2.063111263,2.796678392,2.417821376,2.610592919,6.865745757,7.098298162,8.162979813,5.960470004,100
2.419641579,4.787344316,3.996533037,3.666424785,2.251761303,3.355067281,3.758753377,1.428379088,3.029101267,2.915455969,5.690977024,3.181986007,2.802685914,4.019493573,4.804358274,3.000210548,3.337217966,2.192118905,3.399883116,3.379204685,5.19803728,4.063124125,3.267619637,6.253184616,4.39558507,3.007463837,3.654247714,2.300239328,2.102224845,5.15952898,7.069732559,5.556358602,2.876072536,4.551200852,2.653289623,3.199913163,3.911480274,2.340918646,2.155219055,2.547045873,5.880790992,7.668718087,4.397928522,4.53528509,7.665557383,2.140288523,6.563326904,5.692194729,3.542919382,6.112743284,3.394312703,2.298801951,5.692486382,2.142592246,2.13637415,1.895445883,4.902673804,2.207437095,2.214357871,7.603988906,10.15759268,7.117483847,5.813435354,100
3.753015129,2.073959917,2.411937113,1.253365855,5.61033213,2.996789957,3.297845956,3.883302159,4.356898929,4.265540438,1.844487429,4.266361192,2.570879693,5.190935682,1.543911965,3.707108546,5.21656699,3.408828577,2.487475536,4.883703953,2.38260274,4.142549249,5.675313741,3.714357226,3.127526238,4.301665366,4.600395045,3.47704187,2.985453649,2.668495399,4.303805871,3.420136799,4.770243742,4.507852733,4.17381632,3.817000746,3.031328163,3.227721346,3.33770431,3.606691507,5.08414781,5.713740865,2.901046486,5.581123679,5.611984253,2.760952854,1.618558081,5.540824509,5.220132637,7.185609481,5.493127336,4.921737663,9.008443856,5.760345385,2.621822556,1.322044439,3.012968079,3.787704032,9.229817547,6.980806586,6.827898824,3.736104532,6.043427528,100
3.156087734,2.589641894,2.211684879,3.980354253,2.092217113,3.00036175,4.38263465,4.663171668,3.695772647,3.495175154,2.596539585,1.160546184,3.832777481,3.411168676,4.57308329,3.311697064,5.184022093,2.268174939,2.367902222,3.865690877,2.810398483,3.693401286,1.701060005,3.753592252,1.569039267,7.763640202,4.838018217,4.347013029,3.665394214,2.355375327,5.076729402,2.823026641,5.407821186,4.914667188,4.202262725,3.393580862,2.163095978,1.078056577,1.834660247,4.520279701,5.417252161,6.309442425,4.433488641,5.794581456,6.788589215,4.899789691,1.978308632,6.331596575,1.939264575,8.021446055,2.095866335,4.835324427,6.896446678,5.856185849,3.689343158,2.295437029,5.5677041,3.4573456,8.43020241,3.442109181,7.971251103,3.88370092,4.408511722,100
1.75661982,2.748160305,3.110814197,3.406488585,2.870689048,2.257804005,3.291105461,3.341112631,4.736232901,2.039146273,3.215028306,3.427290474,1.796223233,3.42460332,2.062614777,4.895662726,5.415985397,4.345780361,3.109381233,4.06990837,3.221724731,2.12732032,2.48837135,4.079450077,4.535386825,2.707617951,3.798612017,1.959852234,3.583241616,2.667958903,4.002321871,6.651809326,4.331561136,3.906560772,4.112803606,5.524505687,2.968322443,5.806127812,3.421657844,3.236283721,3.609512373,2.591338685,4.92466884,5.489237339,5.437860525,5.459354335,3.588686427,2.89840175,4.800899305,5.859195834,4.870457952,3.450191807,2.807202943,6.991681258,4.1603969,2.898133233,3.450409556,3.676661042,8.515691479,2.376985011,8.036539062,8.825679478,6.14512089,100
4.316349084,3.099254884,4.632864128,1.60413476,4.84617471,4.120198707,3.191754278,2.971451724,4.595523727,1.993670676,4.320636387,1.619925063,3.060650656,4.50902797,4.68664978,4.035706353,1.993147649,3.238135685,4.978838683,3.638204119,4.09682242,2.560149406,2.92136366,6.125618933,3.515598516,6.312515783,3.078822565,3.458899101,7.824026037,3.353595407,2.92190734,5.434139922,3.939580555,7.994249457,4.715451887,7.009652221,3.789378632,2.778408537,6.391492315,8.311879059,1.87391015,4.71651639,6.097905047,5.11199804,6.38331218,3.060007744,3.246721046,3.916784611,4.021384718,6.3802482,4.715801597,4.943808011,3.418388336,5.746433942,2.262335315,4.830788354,6.347594726,3.070515981,8.596300629,7.627760025,6.348076717,7.595440999,6.613807842,100
2.226647342,3.649081763,3.975507569,3.822168157,3.413745435,4.787453383,4.664368242,5.02106187,4.744836336,2.088744859,3.567192587,4.014012169,1.276572401,5.138475434,3.248418735,2.257951572,2.562589307,5.07520898,3.041328064,1.331158371,5.520759592,3.631729617,3.402919321,2.455831001,4.699992941,5.501983379,4.687318164,1.374628481,5.115447742,3.032925185,4.610420667,3.642111955,4.003269999,6.846423574,6.41100494,3.800039252,2.649042572,1.25140906,7.909984173,2.916054902,6.881469856,2.694521167,3.651526541,4.304355422,5.910606884,2.325046653,3.569190746,2.761279118,5.447552775,6.397293688,4.211719016,6.83758532,2.074395952,5.185036163,6.802412141,2.184151701,2.578846511,2.834550185,3.136131069,5.684938411,5.34776473,7.336833633,7.173384606,100
1.990570286,3.334148047,1.385987167,1.906866671,4.168899492,3.258640823,4.510428682,2.798154945,2.970340424,3.133730324,3.587270636,2.427704513,4.177466203,3.284012678,2.729423014,2.407733606,4.653133488,3.859974911,4.36485727,5.10975529,2.459219991,2.582597049,2.106909143,3.701680494,4.394340507,7.533956327,4.532128057,2.376588573,4.971769911,5.222212299,5.461230039,6.610076061,5.500398454,3.527876355,5.192135769,5.592945265,3.298971478,4.7262261,2.005209748,5.462176948,2.848285464,6.334998405,3.831375598,6.089278648,6.277936362,1.681254878,3.942357638,3.03506517,4.615380518,7.276952822,3.790321638,3.720731016,4.909429191,6.234479106,3.050766013,4.541412659,4.036283354,9.524835719,1.920616481,7.145663518,2.966998869,5.129787592,8.614014731,100
2.889394619,4.263405307,3.315215162,2.8178326,1.957788064,2.858503917,3.434326584,3.413658521,3.109362466,2.982197849,4.237298759,3.86486398,2.931749556,4.101394433,3.221549508,4.20660854,4.604686105,3.525780866,2.04342082,4.402006098,2.013483075,3.529021011,1.636840096,2.535848118,4.607771224,3.341464308,6.283725605,3.299560054,4.300121958,3.497662864,4.693699073,9.432982768,2.096490776,4.18232779,5.18634916,4.752536834,7.320504813,4.265630995,4.453855532,3.001875687,2.745467949,2.418431265,5.347296781,4.861848748,6.208001913,2.939948155,4.242907469,5.418072057,4.265977085,5.535241059,2.336670685,9.195489381,5.296577281,5.645612499,4.525203809,2.603929871,6.824665727,2.014767252,4.630042493,7.84055348,6.707882584,5.566804487,4.232706206,100
3.32068575,4.093912206,3.244723167,1.713020008,3.599101796,4.541122145,2.880548689,3.465576495,4.674073926,4.791334431,4.849675869,3.139920095,4.054368021,3.486555142,2.762265046,4.71022859,5.177434726,3.657303863,3.316500039,4.107350096,2.411552325,3.321175916,6.32546645,2.333424361,4.729641669,5.88860951,3.69604691,2.682904982,1.654774895,3.600869222,4.626253233,2.663041986,4.768308305,5.091912336,4.102409787,6.082042518,3.878600048,2.234665629,3.289233608,2.644051736,4.945495125,5.947003472,5.243809803,6.574173536,6.042599733,2.275838874,3.352549707,7.458210314,7.910229223,1.537236067,5.67280057,4.740345527,5.526598288,4.973797232,1.694884839,2.674608099,4.363947644,2.960517921,6.943190308,2.393086585,2.786515804,4.413731335,2.200957002,100
2.122698926,1.6926333,3.066718906,4.179168079,4.571713413,3.107576215,4.913254008,1.252872277,2.896952523,1.979813129,3.665351477,4.265423399,4.097799544,2.374089675,3.732179811,4.398040568,4.188316701,3.611882372,1.56442859,2.709896487,3.597018011,2.589540636,4.664893978,3.942058524,4.039389797,4.806392504,5.230150291,6.984824957,2.87560037,4.079239898,6.318313364,3.140814975,1.663821376,4.695934276,4.433824273,4.250416584,3.663935176,3.855582936,2.932980211,5.225316081,5.509249401,6.475574145,3.57417454,5.681087225,7.861183958,1.983729639,6.160252102,3.422030934,6.314823778,5.651605845,3.190762821,2.349787412,5.308649315,5.250660694,6.713777808,8.264614445,8.2130003,1.760294831,8.54160198,4.652097539,5.545903817,5.603122656,7.344918731,100
2.835494198,4.612440966,3.817573917,2.105004774,5.244166849,2.92380457,2.575227577,4.19183025,4.010521959,2.701987719,3.660020165,5.720007809,3.616775908,4.064550713,4.064779686,3.311804144,4.123036611,3.872315179,3.192284684,4.165762695,2.455200906,3.607778098,2.332618327,3.665873982,5.503975369,5.763075256,6.552553846,2.831213425,4.20609236,2.874904253,4.843341086,1.435343718,3.697021641,6.453858019,4.788576614,4.375223292,6.211683658,4.077754083,2.502607003,2.589666582,4.809256896,3.617753471,8.382055672,2.659179181,3.802612268,2.24074371,1.89466743,9.660206999,3.429593977,2.191308322,7.235939481,2.477982563,7.441324487,6.276668495,2.332716318,2.686339091,5.905428378,5.430675079,6.618405771,6.194590575,5.570094519,2.017074936,7.018985109,100
5.31985219,4.431006506,2.339826409,3.236965435,3.041654004,2.189753662,5.485902607,3.749624754,2.594940294,2.420714929,5.620095885,3.508894207,3.377274589,2.284093754,2.644390435,5.193105514,3.773141721,3.937034115,1.986493073,3.873435491,3.124420824,1.93832238,3.424137831,5.802555062,3.945782599,4.68665019,4.111081629,2.074000461,2.162207475,1.297024565,2.471417705,2.789620733,4.307686431,7.103961722,6.131141799,6.681022326,2.873645921,1.773321278,4.028798036,2.241605172,2.42277691,3.197842641,4.643875307,5.513053188,4.628280011,6.31347443,2.093530388,2.606281825,6.619853912,3.958364695,3.50443219,2.312601341,5.287863521,3.578419152,4.607836407,3.073640923,2.65423093,4.764678375,3.48090552,2.578015149,5.82299591,6.193827655,2.782243675,100
7.534003962,3.980819977,4.674902798,1.787809926,2.646622218,4.195354035,3.197164992,4.013407246,1.506785641,3.474067046,2.116599439,1.789358904,4.344659014,1.99500569,2.134128623,5.113976403,3.342928411,5.338269202,3.033015972,2.643967717,4.800867005,2.261145701,4.44011105,4.25177942,4.868108342,5.132995645,4.199281566,2.60382826,2.180971124,7.051198894,5.076286764,4.718958579,1.769936108,5.388918611,6.269177694,6.027341124,4.073694437,5.507857751,4.93197934,4.570841365,2.649292349,3.781988241,4.471016318,3.742628664,6.609453943,2.727260332,2.86316218,4.628406667,3.048745182,3.942157092,6.812550563,2.990078508,5.55775507,5.248546481,3.217228782,4.609406837,4.3332264,6.07740777,4.239799779,6.365611543,5.75094822,5.411748962,4.955588724,100
2.530755479,2.659370134,2.997510363,4.085041739,4.133764461,2.34759321,2.811035291,3.882767273,3.440345305,2.55975192,2.743812527,3.297037157,2.999765016,3.685987233,2.229957597,3.573264314,3.973425273,3.989553977,2.225938735,3.722474044,5.019673169,4.21319249,6.763102864,4.148049097,5.18483699,6.437402499,3.762753656,4.764921221,3.34400461,4.561069575,3.816250565,5.73677232,2.452095303,5.505989122,3.29137861,5.351304148,4.190865386,1.277606401,1.641866046,3.389681575,6.104485103,5.700439964,1.971829689,7.370574405,3.824258088,1.818354798,2.847835235,2.049046356,2.460651429,4.93533389,5.84815362,6.546359969,4.773126079,5.045805306,3.909314409,6.994846321,2.585029411,7.685999889,4.461198279,5.377329852,6.315510017,5.440354036,7.815411947,100
2.356054564,2.762252361,5.459637134,4.813325846,3.612359004,2.725786117,2.881030182,3.992148422,2.994307031,1.432894865,4.297719079,1.557566876,4.400696471,3.170317615,3.451160475,5.234378259,2.84107346,5.564830483,1.268706246,3.324106352,4.19939069,4.211540542,4.120370379,4.112866405,3.951664803,5.208322863,4.528235585,2.971348391,4.460707564,2.734074379,2.641466172,3.71449994,3.726888031,4.401796913,6.056724716,4.716588625,3.739979255,5.654139113,6.896807053,3.510009833,7.316478191,6.040349322,5.596412497,2.633859303,6.921940719,1.868792234,3.251693236,6.288428431,2.005642142,6.684943001,7.299281007,2.331987742,5.288596376,7.722575932,3.723218397,2.716146221,3.419665244,4.957054396,8.977393762,5.718600527,6.218175712,4.424226546,6.081500958,100
1.716403659,3.205864002,4.588528341,2.539506798,3.107229191,3.022859608,3.18224502,3.642668938,3.812449327,5.609821335,3.290397045,3.053901537,2.801384744,3.028442299,4.711566838,3.95176012,6.336354616,3.318076196,1.415699717,3.230264667,4.261038848,4.90343969,4.303030867,3.31024465,5.947030918,5.408156389,3.38736569,1.9892529,4.901349455,5.264120694,4.758610443,4.098778012,0.838012024,1.801218509,6.477253304,4.447281688,2.130678237,3.877458778,5.309402803,3.974130957,4.930469173,5.669574075,9.694043108,8.205027008,3.863879247,4.064951064,6.117967864,3.847224591,3.295400493,2.020446374,6.350131507,7.2846517,2.733940114,5.476697553,3.30801956,2.946994003,5.317431206,3.730524381,7.403012791,2.098363689,6.381122674,2.632009135,1.834313047,100
2.732552732,3.97126763,3.110368905,3.904538186,2.957419438,2.487425592,4.48360471,3.540751633,3.443030137,4.449980586,1.778211824,3.096081945,4.648817422,3.823576138,4.530494989,5.183866961,3.716166686,2.778739379,2.222925001,4.551687538,3.885850835,4.469496625,3.594485723,3.634566025,4.760090792,3.688755798,4.485195062,2.73485143,3.648345591,1.79640949,1.176923708,3.366344389,4.915480487,5.143294409,6.463144867,4.14682427,3.737449407,3.84871172,8.089617157,3.514392461,2.979068837,5.114101044,8.675020697,4.346338854,4.669058926,4.483012882,1.531123132,1.799471206,6.095345566,6.071225078,6.424346079,8.704096655,4.307996758,6.329214247,4.431618308,3.196692313,1.670430092,5.423028691,7.747817966,6.71776226,5.85993856,4.900799097,7.661110451,100
3.958729505,2.325383575,2.447839124,4.527385084,2.567636873,2.04668149,3.278358339,2.024006481,2.4023721,1.71216434,1.794288067,3.484370792,1.797975625,1.858090554,5.048312577,3.206898108,4.767992797,4.028053478,3.915709491,2.92733922,3.438983774,4.197889867,2.365025229,1.662945806,3.500160111,5.649266822,4.576279463,1.582903033,4.651936224,2.767501482,5.16906564,2.119577579,8.16917665,1.762651295,3.829517382,5.316936565,2.651411756,3.060256211,4.84407473,4.038128241,5.024025308,3.315904005,6.025711972,8.734279462,6.589305755,1.795121228,9.444373924,4.053189153,7.022624106,2.821850477,2.023074717,6.119470341,5.438514343,4.93499354,2.858032156,2.672339955,3.143258283,5.191457649,2.36706661,5.833258255,7.267650581,2.11356751,7.827381541,100
2.762908921,4.482881062,4.007847271,3.405481821,4.16688637,3.14888237,2.902827975,4.722479279,3.556261598,2.204121527,3.194593585,2.669823094,5.427287901,3.457928599,3.720579127,4.343458298,5.567913995,5.256331583,3.67838378,3.296509244,6.937789662,2.91054953,4.907287294,4.592566469,3.545085031,6.251439908,4.797726782,4.386515163,2.848593147,6.163477103,4.147396817,3.344097042,4.651955556,4.987761252,1.93294691,4.900066667,2.80988159,5.147819367,2.641759569,2.241844691,3.401948506,4.843299553,3.344895357,4.170201142,4.004842176,3.297349083,4.214044729,2.253145678,6.30225018,5.454942413,5.516686922,8.668713869,8.798270776,5.911092846,3.232609128,8.682701569,4.145833118,4.922945572,3.696246028,5.345207385,5.911677344,1.205378463,5.286189119,100
3.840652818,4.168458176,4.305092272,2.786711155,2.627038691,2.166558092,2.546187369,2.38976539,3.476688261,2.691114132,3.956606363,2.539643988,2.516986387,2.773285928,1.236097259,1.717259668,1.558640538,5.069526394,3.349646001,3.616306379,2.925134944,4.14121009,2.017254689,4.656070611,4.492786493,4.212413206,7.355078317,4.604025222,3.119846334,4.233934349,6.080448408,2.833734007,3.597566239,1.894862147,3.670292549,4.31956385,3.4295337,3.41392753,2.25089682,6.450984954,6.095590237,3.067736862,5.03494014,5.667423238,5.23003859,7.70631284,2.363447759,6.23143153,4.530255984,5.921118031,7.43217123,1.749034189,6.298892825,5.28825388,2.288533588,3.501555644,5.677734994,6.617037103,3.18067977,5.42310731,7.919606985,7.047958423,5.450026347,100
3.317937832,4.252537188,5.08875495,2.373679541,3.446794627,4.437207617,3.044590607,3.746814679,3.119872953,5.911134969,2.2826157,3.570991109,2.852367473,3.824425339,5.302280013,5.054756927,3.645398071,4.804520863,8.897643784,1.808527009,4.409186477,3.773921389,3.670209248,5.772888226,4.752440644,7.482428251,2.574292952,8.078525889,3.701499151,5.87811211,5.235598434,4.129113977,4.74746549,5.765158468,2.99567919,6.159063133,5.698483017,2.610174161,1.714996408,2.722362925,4.583422703,7.115841011,2.171798479,4.623986408,5.509509084,4.521059622,3.292346741,2.847478402,8.866148459,1.848466144,5.321575209,4.623007201,3.990939622,4.420463266,3.000954304,5.969189153,3.447774062,4.668200185,3.026470848,7.625251849,7.366913325,9.017637533,6.722155743,100
3.386970055,3.28859151,2.247870232,2.248499257,2.527539876,3.415924374,2.156902938,4.259379897,2.844915775,3.111169941,3.116487822,3.124118148,2.091037169,4.387886576,4.111997907,3.016254299,3.845322469,4.036673419,6.048604548,3.927778395,5.244999838,4.661888965,2.619371124,4.355284402,6.43456365,3.581295908,4.850074456,2.557937297,4.148033202,3.152155298,5.672019378,1.978680288,4.38548917,3.176523933,6.437405388,4.147058786,3.031192335,1.474526502,5.733747702,7.353016154,2.280822795,3.276504093,4.838550347,5.226142012,6.872660391,3.100846919,2.249572514,2.577219214,5.884136502,4.024307685,3.473644775,8.133611442,5.806527538,6.893807886,1.934263218,1.455445654,8.0650956,4.517194376,2.463089911,6.461431752,2.800284587,7.376694245,4.821777675,100
2.406886968,2.313611574,3.815395863,2.286190913,3.337596195,4.074148832,2.946673285,4.731261867,3.541371845,3.612889783,2.480758416,2.889757056,5.128008185,5.429328105,4.934528158,3.611166256,4.291154981,5.896139687,3.779212609,3.110852544,4.813022014,2.921180696,3.698403584,4.746025953,4.731591198,5.938798763,3.292229454,2.17369831,2.9855568,6.526354669,5.385531168,5.900213096,2.419336726,4.062084401,4.517861489,7.480615704,2.729679851,6.10578045,2.471545416,6.535152191,3.043584534,4.83374687,3.940852952,5.982129677,6.202963823,5.038705461,5.664692552,6.252436962,5.872001387,5.737436456,6.993423215,4.970618255,9.210037913,9.123227945,3.241685758,1.920470077,2.200962991,3.895229774,7.021534859,3.959746769,3.623495474,5.454763678,6.381919559,100
3.672599461,2.052441975,3.564310914,2.79925902,3.595014663,2.712068286,3.895814299,3.052441102,3.767023751,2.994242086,5.715615366,2.66341556,1.559179182,3.05150372,3.4915767,4.066545091,4.784641139,3.731326596,4.1782138,5.67614301,7.49495732,4.792811113,4.346729763,3.663855798,3.690167311,4.112970883,4.266127925,1.861126644,4.296033112,3.614290837,2.850065955,1.937370091,5.254542633,6.34273492,2.824366159,4.600741773,3.490312655,3.767875429,8.307475937,6.574962057,2.830833164,3.668611425,5.530965443,5.82947723,1.773422042,3.606999137,2.742438394,5.905245771,3.180127854,2.498608576,4.020298884,3.665330559,6.474719865,8.282875546,3.071124809,3.129163624,7.770246093,4.265056418,5.074616512,1.885708492,4.96049597,5.247961198,2.030545512,100
2.383813273,3.611466092,4.57011925,3.55093292,2.625384065,2.676034073,2.505857228,4.904060693,3.410230233,3.400227838,2.51862204,1.377546713,3.210530629,4.07158127,2.85776862,2.296656739,4.425153056,3.281582671,4.646195559,2.498790555,2.429209659,3.166455784,3.359671039,5.9937743,4.071188028,4.037228076,5.127604437,3.176061479,1.983847879,1.999177598,5.490543836,3.339679122,5.302490802,2.97850906,3.629979448,4.62793775,1.928949091,2.759890874,1.671099496,5.78736727,4.56228721,1.740143219,4.991816539,4.296381487,4.448305778,3.871734826,1.849466343,3.14501691,3.430674463,5.555215445,2.076097292,6.306308654,6.495047995,6.578745096,8.483408804,4.282494096,6.046810671,6.338450322,6.288100111,6.390513164,6.092420762,3.717000085,7.327331139,100
2.081765886,2.700585963,2.281221424,1.833570135,3.693556389,1.675271575,3.634862343,3.041158295,2.836694641,5.607420123,3.590728125,1.721493102,5.564978038,2.310130175,4.648966855,4.92107232,4.54276846,3.221004611,2.627694169,1.231938024,2.216878586,4.330391933,5.555525017,1.677805227,2.578339457,4.511685923,5.314776135,2.467022747,2.764522283,5.099476624,2.425400637,2.694343504,5.125508086,4.322410539,4.679778286,6.685962556,1.235032596,4.934374916,5.527855034,4.224749877,2.918419207,5.436138653,4.916195088,4.817963811,4.897089844,2.820771834,3.650854252,3.391154333,6.897125733,5.299725877,4.187475955,7.68642077,2.408779438,7.50323058,3.247109681,4.364926725,5.420170339,11.6526631,6.81635331,3.08766309,5.387538008,5.761331257,3.177789169,100
2.910161313,3.420955758,3.058420604,3.427239843,2.283084205,2.363815142,2.783161432,4.034324352,3.966358509,2.792588164,2.917030016,4.03658085,2.997918724,3.826698737,3.388859679,4.597135776,1.55541066,3.638611988,3.130453813,4.829255577,3.356299417,4.824808613,4.27344965,3.248074723,4.57732786,4.394056469,4.968882205,2.624290112,1.649649086,4.226914898,4.563225691,3.803610157,3.33581436,3.771709038,3.9211685,4.397211114,4.061431345,4.413408952,4.48955126,3.903402717,6.783993606,3.425419871,5.613943134,7.170648638,2.24254466,2.094102081,4.546267007,5.392877894,5.425114854,5.210024527,2.794833028,5.528402136,6.781879503,5.296276324,2.2239139,3.232546372,2.232487384,2.937543678,2.858949791,6.279557552,4.350003646,4.910768035,6.684696849,100
6.094295908,5.092869459,2.435603946,5.099706034,4.245505141,3.870299503,5.054485236,3.48424117,2.841147264,5.584948162,3.982486146,3.694891301,4.461849533,3.592816915,1.222905576,4.032058226,4.790105076,2.858135115,5.148825204,3.311877992,3.903679902,2.978909076,1.509733271,5.758277421,7.258594364,4.378229893,6.317540408,4.448642227,2.143716259,2.269775739,6.085511646,4.910514444,5.062680264,5.111187871,3.937511804,4.732114954,3.671803869,1.310845959,2.270183676,2.14843504,4.654537228,4.929638873,3.195305838,6.369404791,6.464559039,3.565017329,5.29785539,5.793160551,5.683962076,6.240055077,5.871105518,1.681034946,5.965299847,5.517421865,2.908837575,2.913555879,5.579944913,3.912424021,6.443173637,7.305648918,5.96384819,7.652679084,6.231745534,100
3.267941683,3.397094162,2.129980595,2.531526403,3.280620641,3.793743888,3.880044836,2.782473749,2.983827621,1.417414836,3.848698168,4.331025827,3.994487216,4.062848128,4.842834133,4.055963686,3.538918281,4.580647474,2.580302572,1.313086808,3.298225493,5.622532275,10.81301385,4.576000474,6.45434316,7.704028521,4.860301264,3.442664011,2.824409748,2.38110108,2.372920712,2.362678325,4.289637756,4.129445999,5.730054569,4.867449766,3.456743664,4.354899472,4.294877622,4.505414787,4.356058348,6.483302279,5.760422542,5.918976714,6.136086508,2.654092026,3.656415096,2.471058574,4.789116277,3.42988444,4.729357123,5.439954866,6.781282212,6.136476446,1.61965088,2.767103264,4.290884452,1.873948722,1.722264004,7.004258054,3.183717915,6.184344688,7.821194101,100
1.282298767,1.368060841,3.520938723,3.511518005,3.305960299,1.684334066,2.981979968,4.492166331,3.737829876,4.823665761,2.122357574,3.445620503,2.881994988,4.276461398,6.549141902,4.549440371,5.535043653,3.264037774,1.623378464,6.227194861,3.089737072,4.440075796,3.85518783,4.787239466,5.88651325,4.830328453,4.175045463,3.297772931,2.380644977,1.80785097,3.109636068,4.734293764,2.95389321,5.853816266,5.040424465,5.848542882,7.188340351,1.827194596,1.907144466,3.024478551,4.461221328,4.299163272,3.260241907,5.218592623,3.681456448,2.746952114,3.492150403,4.014413805,5.469566086,4.646337082,5.606704355,2.719965019,5.571990454,5.467120089,4.591014453,5.516810981,2.384098202,4.067104329,2.804540756,2.582528409,7.111122691,6.482833914,6.071127044,100
4.256691248,2.49885193,4.634372313,2.612990777,3.80071987,3.075179302,3.946494843,3.956978814,3.16757503,1.601126303,4.251352711,2.31017037,2.467131846,1.84916707,3.629353574,3.732586575,3.437958228,4.341244967,4.556171807,2.045271788,3.886892214,2.373897662,2.040648986,5.856701013,4.989570194,5.484399609,4.114310661,5.605854169,2.403691823,1.864107457,3.460703821,3.949748228,2.120337822,5.461297462,3.599779693,4.568676368,2.791897916,3.217904644,2.210232357,4.561217775,2.562619551,5.716897083,4.837660091,2.583769528,6.273232813,3.686203371,5.885705963,5.706524676,2.554981188,5.102033305,7.155038147,6.144083114,5.122698445,5.934222683,3.742477666,1.333027543,7.507747719,3.089153554,5.247958329,5.276510398,5.06984474,9.914243983,7.426168661,100
6.301152582,1.953123723,3.286471189,2.985842435,2.145426975,3.482413445,2.508114502,3.542840639,3.792110329,4.149086912,1.162197672,2.776352125,4.827009671,2.897728294,2.695665419,2.316865403,4.680496365,4.222989272,2.24575783,3.469950429,4.157243856,2.389195203,3.390630598,4.535464048,4.670037431,4.622106329,5.049319167,4.252297551,4.0668042,5.750635723,1.497363842,6.564272546,4.260398746,4.229588066,6.023068102,5.272710267,3.994526543,3.315214633,5.332541117,6.233292209,2.452438028,5.804307415,6.167529111,6.408707944,2.781640616,1.714166172,6.005239257,8.596591307,1.85501085,5.925002702,7.268903997,9.098392573,2.614046236,7.231259679,5.482769165,2.438723751,2.420977521,8.362526402,3.175266044,2.210359081,4.733742659,6.566613378,8.585902133,100
3.163575501,3.197541461,3.32060866,2.492663849,3.311024147,3.066947784,2.582924936,3.583528724,3.892152915,6.659561928,2.755856071,2.479451373,4.94697928,4.401206835,4.358789251,5.480694022,5.282491916,3.259764603,2.501504234,4.822720072,3.361484363,4.100039519,1.52349324,3.558649253,4.627972471,4.73365562,4.527470894,5.538256276,6.831124651,3.727273441,2.077936153,4.544897981,5.361743279,10.62732356,5.66090815,6.390793297,2.650266664,2.301210371,2.797209617,6.582925899,4.178443067,5.439366197,2.495637155,5.782321286,4.126505449,5.122845506,2.871030778,6.370354268,7.358465574,5.124863188,5.546724686,6.880034333,5.668891746,6.016062813,4.853716064,4.450866875,4.965765472,2.951247873,2.30742318,3.160237333,6.697146276,5.880570675,6.435623692,100
2.996576701,3.42957656,2.190933698,6.384037664,3.302225569,3.915564942,3.337538937,3.495021585,3.797828337,2.821357685,4.938242512,3.695761971,3.071013765,4.312540707,3.435536285,4.009960785,3.948872747,4.573558311,5.49444958,3.846715631,1.338429148,3.397755438,3.410965842,2.555687696,3.710472604,4.805036619,5.767710446,2.564935792,1.669700087,2.2638997,0.99958897,2.977155001,5.114080817,5.858381625,1.99151223,5.4818735,4.368226408,2.547410644,3.641002612,7.942307769,4.03876999,6.250913751,4.238795543,4.473046121,4.529860615,3.37176502,2.462309644,2.42626179,5.113599854,8.987012545,5.249427316,5.922187406,4.652889436,7.29155733,3.286851404,2.557114596,2.589352081,6.885013613,6.207636279,2.314339522,5.042771655,7.918518645,6.304675353,100
4.069143381,6.787335409,2.44047629,2.737489489,3.274961641,3.304911217,3.45065293,4.371490707,5.917604828,2.74211546,5.55515541,3.589320558,3.800251307,2.931265668,3.665640036,5.186798643,4.210912792,4.174215178,2.424618728,3.389014836,5.876385774,3.490424613,3.781166712,3.75616393,6.149824712,4.724996533,4.579832707,5.997825945,3.912777874,4.81092681,3.799335414,5.069263051,7.098401173,4.555160022,4.775868396,4.764954539,3.075600518,4.439221585,2.754307088,1.879550934,6.714237741,3.591768785,5.013110918,3.979162953,4.404726725,2.408102997,2.839589243,5.435977545,5.625690067,7.136210086,5.042752295,6.928234892,5.421483221,5.549855375,5.199471623,2.412677058,5.169162828,5.917658886,5.88422781,2.786053201,7.166621128,5.870541427,5.776543922,100
1.810275425,2.08221072,1.405210431,2.528236831,3.173408465,3.379172161,3.52511343,4.042355909,2.877914017,3.269484384,4.565034207,4.68198761,5.375632359,2.135722113,2.63987164,3.042498511,4.183250064,3.539794287,4.968762981,3.339505385,3.644028682,4.621694085,4.601307371,2.596609702,5.84387089,5.145741656,5.301506774,2.104846381,5.788650635,3.637868105,4.29789263,1.546643121,4.361846922,4.579670595,3.712835452,5.1330876,4.736722546,1.792107564,4.227464177,6.962675192,3.729520581,6.064070953,4.458095645,5.932627093,3.580640791,3.62149309,2.701741144,2.71813388,7.750208492,5.205155214,4.120752743,2.986860053,9.367553897,3.69132408,2.194921508,2.970654859,1.536038894,3.961956273,4.636497272,7.967953383,6.437309912,7.530202375,5.574682842,100
3.338834112,2.411773009,4.583584832,3.913659063,4.187398284,2.333173331,3.714896698,2.710521165,3.464593152,2.550544661,2.855829982,2.668880868,2.601383804,4.707170354,4.189627973,4.469026241,3.928933733,0.867361975,4.340179981,5.536399934,4.140200886,5.543621634,3.945734927,5.393349424,4.550965915,2.986297534,7.578649001,3.481996044,3.010407795,3.711210825,4.503022246,5.404694204,4.123921372,3.359386163,5.267421415,5.815066003,3.066742543,7.904723772,2.009461648,2.935509466,4.091685095,3.430289942,5.088640042,7.663308632,3.716992624,1.785647391,2.949543237,6.674904977,7.194743641,3.355327999,3.33421857,4.573232063,7.199946741,5.102252794,2.564019215,3.358831927,5.712979435,2.058116843,6.106134899,5.833998287,6.584213227,7.655061386,7.776069145,100
1.786500107,3.403548875,4.197626809,4.038932729,2.53013617,3.854523026,2.911548812,3.870021287,2.86091526,5.567225322,1.835345332,2.979618375,4.538989614,2.233316609,3.82542977,1.803073521,2.675792097,5.448830035,2.684806281,3.336571944,3.656838245,2.666287199,4.666686765,3.84673492,3.854957035,3.233709746,4.568945128,6.582241397,1.850747047,2.625044057,4.405319768,5.999113256,1.199976664,3.144957448,4.828910527,3.928099807,2.321630961,6.281784742,4.101591199,5.493564996,4.871356899,6.426778034,5.015439065,5.925565494,6.19965775,2.670739368,5.90369177,4.64252459,1.610392329,4.603737364,5.663462036,2.983257492,5.444293335,6.743116888,2.96109083,6.464810542,7.335618089,2.932211141,5.526240197,4.226948124,4.912001606,5.37899422,8.07216884,100
3.670217369,3.200161341,2.900498737,3.288609971,4.097901308,2.025047119,2.818636598,4.967862862,3.770987063,3.496795433,2.522252714,2.458066884,1.589950682,4.305065381,2.04629447,1.818598317,2.555879272,4.51444846,4.621031966,2.246045504,3.960431106,3.054741574,2.884366509,5.140797325,4.182223731,4.376894417,5.391387815,3.221544556,2.968561669,3.592125451,5.608666198,7.05663756,5.072764291,4.479092655,6.072966669,5.146759533,4.436521508,1.645358733,1.533991684,2.870161815,2.70146202,6.592016796,4.771348394,4.926671128,2.652943964,3.477927154,2.396046345,3.783609976,3.88972042,2.633980089,7.397794496,3.964487337,5.153047226,2.462637841,1.923395931,6.424970253,4.935466589,2.684296728,4.254971451,2.439627515,4.243273533,6.806534272,6.077128306,100
6.12144898,5.010042496,2.609798399,4.089950406,2.89137413,1.251749999,4.118587669,5.085508708,2.563555724,4.284030653,1.843775464,3.83564991,3.064841426,4.145992641,5.275865829,4.276930291,3.608534874,3.322362592,3.233377913,9.845298219,3.647413338,5.102695681,3.433556283,5.160782669,1.502389627,4.059724135,3.76412705,3.434810761,4.212205166,2.780287821,3.248196705,3.843773347,3.67108557,2.852416159,2.373379087,5.006753249,6.365982421,2.445455215,3.675119072,4.731801972,3.165159934,7.52343106,6.516968273,5.588913892,6.939142378,2.651958696,5.164174261,4.950917317,2.199636618,4.456515311,7.227075497,6.829560556,3.36274686,5.552365101,2.385965516,1.344265598,9.2520463,5.763229991,8.734899325,7.621410277,4.561532349,5.572957416,15.45717024,NA
2.161337878,1.886856839,3.330287001,1.25783565,4.083169624,3.342394642,2.967458526,2.563091994,4.092772598,2.356893018,3.091087683,3.535126883,2.535421567,5.2734741,4.532001835,4.306157836,4.323152237,2.704851117,3.425808549,2.677305898,4.186196394,4.258085084,3.534329057,3.532057764,5.757485577,4.393537802,3.971610807,2.119944754,2.916665058,2.943413181,5.7611938,5.078065346,2.44992153,6.416792046,4.213818188,5.944077991,4.428107392,6.64784795,3.383143616,1.603882182,4.412341068,6.007880243,4.985407673,8.458890821,5.112016574,3.886326815,3.750818077,5.729498256,4.812484446,2.856746803,5.91464639,4.408897265,4.897693456,7.329794241,3.303540374,2.761619292,2.854179134,6.680111852,4.676956448,6.658026112,5.932950703,6.667357933,6.443615284,NA
2.290976827,2.449095899,4.073075164,4.414114325,3.818938479,2.509191775,3.35598467,1.984510103,4.079591383,2.232891168,5.129802359,2.309762148,4.895566201,3.144878746,1.041301909,2.560328035,3.246162771,3.764451605,1.809038063,5.0285117,3.159840085,2.260472799,3.107817286,2.114690112,4.945652952,4.188608119,2.229555567,3.778549574,5.047916584,3.376780018,3.661664144,1.572203468,2.958685966,4.508154192,4.050067303,4.818213104,3.152802116,3.438301275,3.232932042,1.99094405,3.376704147,3.313343738,4.204885585,5.869993302,4.102518484,3.576640305,2.891759743,6.388034756,7.003155875,6.390368124,3.940714087,6.891095017,6.647505371,4.853759661,2.736862617,1.940613075,4.204129456,2.370305618,5.587917787,9.106116278,4.101909878,5.858076726,5.663538952,NA
5.01164913,2.799038732,1.020815318,3.35375822,2.458068551,2.771147293,4.290511753,4.601252056,3.958786253,3.794439073,3.687309821,5.500804344,2.13693015,5.506099073,3.784024204,3.272005883,2.781242278,4.436044997,3.402280194,5.193278446,1.929139928,1.742800479,4.703306481,2.748251594,4.080397578,3.528838234,4.573427969,1.651361932,4.068503747,2.401913862,4.679947563,3.472745485,6.127461366,5.201320965,4.538291255,5.266605048,3.566591489,5.60628774,2.497022084,5.089736055,3.67215385,5.909285592,5.653862124,2.887298851,6.804835232,4.729107719,3.09600703,3.875130173,5.76044121,7.603119768,5.991386931,5.752550992,6.52355579,7.949636158,5.261125884,5.365402001,3.348630811,5.94687963,3.756399746,4.84614083,4.371504232,5.023038123,8.239042353,NA
1.59935118,2.67726955,2.83017012,3.854034426,3.530903107,3.504105323,3.864054494,3.984223449,2.926416417,4.758508853,3.943581792,6.633668554,5.960900125,5.796930552,1.818453057,3.36303972,5.451585192,5.119014234,2.894344717,1.33117212,5.240125204,1.935912486,6.215000548,1.313437935,4.989372906,4.113223176,6.350281816,2.155337256,2.690897102,3.424694304,2.907126523,4.943347653,7.124172203,7.696219797,6.14879492,3.928547754,1.431354825,2.434991164,1.798149447,3.744365541,2.897659071,6.542371272,5.860967157,6.831215072,6.012045569,2.840224107,2.285613326,7.302501397,4.875176078,9.877716373,4.967808428,4.138349842,2.191913856,4.148060779,3.036465374,2.046400245,4.567422369,8.211359176,5.669224619,3.51241161,6.177800437,7.819872799,6.750058764,NA
2.251660066,3.654292467,3.239929065,3.356361336,2.407208921,2.533376152,2.84840923,3.11620346,2.17941198,3.06065829,1.242225704,1.952364924,4.443382812,1.578692872,1.768488603,2.416921846,3.917908116,3.159212658,3.698593508,1.697143879,5.741800114,3.946725194,3.921194827,2.291270576,2.728825502,4.830274216,4.107936969,3.904186218,3.786554491,2.670742117,2.452161833,4.938376655,5.342757459,2.713597699,4.234070896,5.594619396,3.214475836,1.599775847,3.582550414,2.93457668,6.056336452,2.736949645,5.558091653,5.384136595,9.12923142,3.61155764,1.325306201,3.437774055,6.534738758,2.645838991,2.397825994,5.083358846,5.932483892,6.850781837,2.911150947,2.88346409,1.985582039,7.525231523,8.682065059,8.022342312,6.779568877,4.091683325,9.988725131,NA
1.373051489,3.500572883,2.835200573,2.067399245,2.931136019,4.106409105,4.55355786,4.098027168,3.66065898,1.107809507,2.295479907,3.221928237,2.985879986,4.259893842,3.91095382,4.118890847,4.285379139,4.062061742,3.948184884,1.82183362,3.392782238,4.967788552,4.024451958,3.60545064,2.944296078,4.744309391,5.505180029,2.627260707,2.004648475,6.76143411,4.203900105,3.058092015,4.726896447,1.73289722,2.769440977,5.178647736,3.413978599,4.131706172,4.185045373,4.880162734,2.134763439,5.657537084,5.171972915,4.941491386,6.611468518,3.250573936,5.537663621,4.095019848,3.586937217,5.997767164,4.977932059,4.796853433,6.75217109,5.483773326,7.043855805,2.358290788,1.730936302,4.1799311,5.532829127,2.350922231,6.018451375,2.571111194,5.556986827,NA
2.345676539,5.593893602,3.192296081,3.336709193,3.981607415,3.369142757,3.92914375,3.31358279,2.681646962,3.694885035,4.524100282,5.078465317,4.008632324,3.681862675,2.838931941,3.344287093,3.682714853,3.116317601,1.891718245,5.558427848,4.054221644,4.656478669,4.058945137,2.326806236,5.590617887,4.2495368,5.206451179,4.81193008,2.58854955,3.077446646,3.813525833,3.70911039,4.416675863,4.097458117,4.869492783,3.973890391,3.169033485,3.098795872,5.005181296,2.119060605,1.92655147,2.363399952,1.520573419,3.659776771,5.029514204,6.49564997,3.915977564,1.591112841,5.668736605,5.085153421,5.693268443,5.895404245,9.967833113,5.115562685,2.537636935,5.63564859,2.021602062,2.642417535,5.627358669,5.39896207,2.081284123,8.029339807,6.4082512,NA
4.568385586,4.729361615,3.156079443,3.280110687,3.536749405,4.465047016,2.98654143,3.908224475,3.924471571,2.355253349,2.240676633,4.537142849,3.325131375,3.848559001,2.821539992,4.016653026,2.977893834,6.13073648,3.313831938,4.80731803,2.083558961,4.042454878,3.242771201,4.508352179,5.144211446,4.182261742,5.502562091,1.539947801,6.129729415,8.146862718,1.968214017,3.995519419,5.501146235,5.719894471,4.733407679,2.041847258,3.309077289,1.744789122,5.57547769,3.527667454,7.062821991,5.190003217,1.79083771,5.271461358,1.851363471,2.699703343,4.725079427,6.736537391,2.419087179,2.012155158,3.002952865,1.934231545,6.0827575,4.273707985,2.681929149,3.039235138,2.791507796,5.253152704,2.905108047,2.341107304,2.763107959,7.395295861,5.71316323,NA
1.75647835,5.248853475,4.160900593,6.032247895,3.71406243,3.439265209,4.027495667,2.919218932,3.705033603,3.945595127,3.639912151,2.592593713,2.810785652,1.68008068,5.161044192,5.954062516,4.513135201,3.366104785,5.06038677,2.25021395,4.321088256,2.403474971,5.040732388,4.826704136,6.269726089,3.113481523,3.645307335,2.40605671,3.302469893,4.093065821,4.216404454,6.073702501,2.782771833,4.132431177,4.608198195,3.988487532,1.651981762,4.529104573,4.253030361,4.170611237,3.594359743,4.50408758,2.954745943,4.072676791,5.078077033,3.139254663,2.875842521,4.130109709,2.673398191,6.309707285,2.219291227,5.5485877,4.670177782,4.267743529,4.590429079,2.949177571,3.230552124,4.904593984,5.843971533,6.038408933,8.162907777,5.935014858,2.839964588,NA
3.214937328,3.362360467,3.012229163,2.563623992,3.309558632,2.396855973,4.138950484,4.819007601,4.5384007,3.404724697,4.035216579,3.228856154,2.739910669,2.537919803,4.318289719,4.525345059,3.472082996,3.360559711,2.049556104,3.558588442,2.86399129,4.237635766,4.48854925,4.355977462,6.07568728,4.503883497,4.192062084,2.752036293,4.863056341,2.637555306,3.409711293,6.824848401,5.062920176,5.876979439,4.091161398,4.92218728,3.600863305,3.327449584,6.204378673,4.950872942,6.234776064,5.430986415,7.57422227,6.147424651,4.778918022,1.348475275,3.095572269,6.548451805,4.938098369,5.132127415,4.087817878,4.688111557,6.723012824,7.743987156,2.818879854,3.349676859,3.175246407,2.417829699,5.604479074,7.562455365,4.209221064,5.770710894,3.472364685,NA
1.898486378,5.007648525,4.427214851,3.853964767,1.507550546,2.326537905,4.075325592,4.332781709,4.746591209,2.79900665,4.38498131,2.154326742,4.319836159,3.535739768,2.745824718,2.671525624,5.293409262,5.509692957,3.587336478,2.890757635,5.103451358,3.487833958,3.229625781,4.088846198,5.262465365,4.454677023,5.921411152,3.524187802,2.468069437,3.606752161,3.699734444,2.755610488,4.110112286,3.742781329,5.069145402,7.457673767,4.340073916,3.126089766,6.630079018,2.488873581,6.749751522,1.090532628,8.839751512,1.600926128,4.577278938,1.669823245,2.163317124,6.908227817,3.057902055,5.873027555,5.302975695,5.778195307,5.663253071,5.608418324,2.542340899,4.188491129,2.4035134,3.258854999,2.436672536,6.689904037,3.023694555,5.946084458,6.852173579,NA
2.582251652,2.530962203,1.850668947,6.436085253,2.259240387,1.898206124,2.7988578,3.124625557,3.627616474,2.725108699,3.672130112,3.174984801,3.294546358,5.45268291,2.244798512,6.461448364,4.852685238,4.163872436,3.394405601,1.92143261,6.423078952,4.005470553,4.832032729,3.727400776,1.78821226,3.713076779,5.312479654,1.88877118,2.654998733,2.713964418,4.79101285,2.358820621,4.437865436,4.396684778,3.379372544,3.728294292,3.254819449,4.687359089,2.283634014,1.694700749,6.146959554,1.920422725,5.440695874,5.203529359,4.976009652,7.183216488,6.221317374,2.292632282,3.097490608,6.77284276,3.659216797,3.69391715,1.243426316,5.645511184,2.676921974,6.524753557,1.866585565,6.302382837,3.460606015,3.594014155,8.106765273,8.365030646,5.794819454,NA
2.385981483,3.038669837,3.140754563,6.526560791,4.660275696,2.964438472,4.505549355,3.42469572,2.612223671,2.133234503,2.484205514,2.703985433,5.615693988,3.51512489,3.725722675,2.791450385,4.474281398,6.708346512,2.294926096,1.699524368,7.872453045,2.275559178,2.443565518,3.044717882,2.281109257,3.671767568,4.987455597,2.981484478,3.902990611,6.852731283,4.088678917,4.431507981,2.679771033,2.522974945,4.363440531,4.170324606,4.942577857,2.833597387,5.04376892,2.040120491,3.717832783,5.088564857,4.061531513,7.466134209,4.396926026,5.493473013,6.608902163,2.881001998,7.016548402,1.820788401,6.663043529,2.729006707,3.358345257,6.674018994,2.321208312,2.812995565,2.761993532,2.516735192,9.422051338,7.908586179,2.041419139,5.189671794,5.509760881,NA
4.650389042,6.515879538,1.908747783,2.596062529,2.403130885,3.373925219,3.176412211,2.806205973,2.721725305,4.507358769,3.182815703,3.348701854,4.754471827,3.634792238,4.319138598,4.327948727,4.728111829,4.655055173,2.902211984,5.744922755,2.834679111,4.85829406,2.134454251,5.203425076,2.510212071,5.153645591,4.271057204,4.076980452,2.272480692,7.01268478,6.416247173,5.707450697,6.406957167,2.500414984,5.593611857,6.393280102,3.618779308,3.13178495,1.767301452,2.90020076,3.271806595,7.272335071,6.241702018,4.029996813,6.975002121,2.608482109,3.110235115,3.097046842,4.331024221,2.523881851,7.758517309,7.8125896,6.616227529,4.522692668,3.243604077,2.896866013,4.839031109,2.614582896,2.018703711,2.322378946,6.164127665,4.003949704,5.575142093,NA
3.363895273,2.927782673,1.691695071,2.531723926,3.361601362,2.489949837,2.493043107,3.596879135,3.336515235,6.037810097,4.445443284,4.259104983,6.507872907,4.064064507,4.928460568,2.493795701,4.128100222,4.547754882,3.082149782,2.364862579,4.705743328,3.077866852,3.955960089,4.16563299,5.200495321,4.043075055,5.225806279,2.301465099,1.649706679,4.122208224,2.94070846,2.970612649,1.91083527,2.570582198,4.132691535,4.8280224,2.167628066,2.113006288,4.187369111,4.291071587,3.786026317,4.222628286,2.716619519,6.368538144,3.754476692,2.359671362,3.717565384,7.23328141,5.009537507,1.220273141,6.31267823,1.745124849,6.011074704,7.90684038,2.630361905,3.168614782,4.124305686,2.548645839,5.746610563,10.69131656,7.196533145,6.133407626,7.507764072,NA
3.958281641,4.131875283,3.494814317,3.237789651,4.106724633,4.226200362,3.633240543,4.079748587,2.735476325,3.32944442,2.164661028,4.185253241,4.598970837,4.85905895,4.019651671,4.218066437,5.332321457,2.715392955,2.11001401,8.088722194,2.456699126,2.052154075,4.522581966,2.478376118,3.150099606,5.016473509,3.764211902,3.665536447,2.457297422,4.203609064,3.621552884,7.063743172,5.016272637,2.288537517,2.943423418,4.520384519,6.600944766,4.693703337,6.158971159,2.725511568,7.070287539,5.354054147,5.746536615,6.892624688,6.335358728,5.684860635,2.266874814,5.94891962,5.974520616,4.656109572,3.984288546,5.080536355,4.908206302,5.776072774,10.82810426,3.70425949,2.727722455,3.574792647,9.214687949,2.491194209,6.172387297,5.235344895,6.086915544,NA
3.677807612,2.967070958,2.568386721,3.435283553,3.636122253,3.068198319,1.834166876,3.19965707,3.687349141,4.051321289,3.907538634,2.531837754,3.782620833,2.313027846,3.674010092,5.507778845,4.700750251,2.768776216,7.71307281,4.811030033,3.353295838,2.355357939,3.874355423,3.314488794,5.055921781,3.884433584,4.59956419,2.280855389,5.441275306,2.767051131,4.278693393,5.582180497,4.135881405,6.920808712,5.590925756,5.151212234,2.081405405,2.278427582,5.133456776,6.029935604,6.011427402,4.051490427,5.128861129,5.003801809,5.418896072,5.019691998,1.928312977,4.678724526,5.98133096,5.882454287,6.435542053,3.387088665,2.846057997,3.724113868,4.645074147,4.993468753,1.802555763,3.037996159,4.149408487,1.308124575,6.71246948,6.183385083,3.822157942,NA
4.79757732,3.512074123,3.110797751,2.372742336,2.423584617,4.377088773,3.736085913,2.46144385,4.489111537,3.654170317,2.897107136,7.544804205,2.890377307,5.145375692,4.710389277,5.513085741,2.530299514,2.194311955,4.430708015,2.673664403,5.819385678,2.637572491,3.103556132,7.436931033,2.400072017,3.489321902,5.470080297,4.078890123,4.423047905,3.253354065,6.444600307,4.475524757,2.102595784,3.020190149,5.726209677,5.601737567,4.788497445,7.904521061,2.285219174,5.207887208,6.188969041,6.885350288,4.19039797,8.507395937,5.782366194,6.50606557,7.344737319,1.760331327,5.796097752,4.257864242,6.493672008,3.749387902,7.22108924,3.891945498,5.004674437,6.49745307,9.402255519,5.628791633,3.238311837,9.588568422,0.935722752,6.972330997,9.387227034,NA
4.497299434,1.301339292,2.313510363,3.186229559,3.392455059,3.093477265,3.531167887,2.686677388,3.548175248,1.448477612,1.557858237,2.682068811,3.947814187,3.629411114,4.942006496,2.805139568,3.49270495,3.267977188,2.764016117,7.633491581,4.823254076,6.080813984,2.54655486,4.774562744,3.490053011,3.29234231,5.608284163,2.339208718,7.714146126,5.671354302,4.835217554,4.596934654,5.847966244,5.236416933,4.641312217,4.911742048,4.043750221,6.980837732,3.345348764,4.80219586,5.455348681,6.14861096,5.318994661,4.210083651,5.873220522,5.910536351,3.785114463,3.724543207,6.333954666,3.110343031,7.410581515,4.453676845,4.901787326,5.252696379,4.601518446,1.520370995,1.802487474,5.264016307,1.406823004,4.983686366,4.978933181,2.320065622,4.645722029,NA
2.848765988,3.815563762,2.599631042,4.633076834,2.363971694,3.780490108,5.438114831,4.284375888,2.577014957,2.910936468,2.858701006,4.664960484,5.171994033,4.579365219,4.236774841,3.720102615,3.013494427,4.224040343,2.858137619,2.189453137,4.08089624,5.221280983,5.002162778,5.37213007,3.457757837,3.081603609,5.968804984,2.791492913,2.758216005,2.956759303,4.799106026,5.268288812,5.024862802,4.952210453,3.98299504,4.35622019,4.912896042,1.803298644,3.928212075,2.774056364,1.622380638,3.19167183,5.941163378,4.114038085,5.267608854,2.37332495,6.482475412,5.46134678,2.176885515,5.468775919,7.346994618,3.905428048,5.124870843,4.794117944,2.081072944,8.503252561,4.445659999,3.708453336,4.824324842,2.962417004,5.528868533,6.534420092,6.094527562,NA
2.360205677,3.709788594,3.459620176,2.081142067,1.941925776,2.992683721,3.386606845,2.970510769,3.080504797,3.610396686,3.464500002,5.255791153,3.318022259,4.35566247,3.562817273,3.440540886,3.227756478,5.325830492,4.552676334,3.852332624,4.17215636,3.201296204,3.565941549,4.357458632,6.228310423,4.268815973,5.702818482,3.122324189,1.741994466,4.133643723,2.058565109,5.906208384,4.381284545,4.661339316,4.704132086,5.382197861,6.098906459,1.786554762,5.257699747,4.610085843,3.626726273,6.612133578,3.145504026,6.416192927,4.98779899,1.502922909,2.562463679,1.556286552,3.571376032,5.025030243,2.159709366,4.688177541,6.278639237,5.965351327,3.103794166,4.909205086,4.237573691,1.520878269,7.3147582,9.872307138,8.826156538,7.636019701,5.147069658,NA
3.110023392,3.097785364,3.371383542,3.11543454,2.212987706,1.351033521,3.817947128,2.532946756,2.77242309,2.815936905,1.273132324,4.979435612,5.845556101,3.514921779,4.15635389,4.678890641,4.380594476,3.425106946,1.384324616,5.802577129,4.346723494,5.316738802,2.817821574,5.256038119,4.988713318,4.968972292,3.217354059,2.127841962,2.821869614,4.22526241,2.335329848,3.476237065,1.868356463,3.525782245,2.671486552,4.943801189,4.705843148,1.795071075,3.237621608,2.630195486,4.909644889,3.870264122,6.834269359,6.227679982,4.411960538,2.380543277,2.140718014,5.265582712,1.744861569,6.145323355,5.172851623,4.129977308,6.556386974,6.343437535,7.075719109,1.981438732,2.760919665,3.457544537,2.090239338,6.226316716,6.517237535,6.168013484,8.375182156,NA
3.71603,3.007318329,3.280704469,3.199750037,4.684237832,3.742031193,2.050363433,2.598294097,3.898250419,2.385884208,2.631824741,3.300614985,5.1474349,2.380508382,4.814923716,4.255356491,2.217774403,3.760366,2.995345181,3.345446986,3.947465384,4.356800746,2.395420304,2.912776809,5.506222569,4.705296015,5.206516146,1.834859615,1.467842471,2.48208903,4.369684037,3.568080704,3.80836398,5.502402611,3.254386935,4.853157514,3.699228909,2.754722484,2.078371701,4.071551406,4.621176789,4.800761233,2.75048017,7.20147916,4.740097814,2.176980275,4.780714666,1.896178365,6.302424355,7.704044782,2.586517044,1.690838183,2.298832974,4.225919407,2.292303225,4.517121976,6.219241009,6.248154996,2.288813484,5.554254429,6.389720068,2.344373531,9.174566495,NA
1.66900139,3.162165927,2.668228979,1.194053862,3.302838913,3.367814508,3.312715693,3.534769012,3.249887808,1.473471616,3.283070019,4.288722374,1.906350064,5.906188578,3.813453066,3.336581257,3.859429006,4.373979184,2.153436501,2.618051852,3.030559585,4.138643326,2.001079796,3.233812606,4.245064875,3.543298623,4.140315936,3.528455473,3.989343872,2.446552313,5.728234717,2.865142499,7.330687163,5.350382919,3.691800049,5.388289465,2.356563179,2.182409828,7.02764269,4.069797561,1.585388568,2.89995148,5.772982231,7.549408903,6.013641644,6.384142641,3.794849343,4.183752723,4.61334687,11.92862161,7.011473503,5.616946268,7.945422818,8.757242631,7.446861232,3.980720812,1.837017535,4.438591038,2.859002294,1.431526601,5.388858125,5.868191564,4.933072697,NA
3.507931998,3.742759599,4.099933216,2.981254351,1.413228696,2.974998771,3.261985321,4.401915567,2.604777928,4.65487833,2.958022277,2.046258524,3.696536842,4.060476704,4.821652972,5.975126205,3.070388747,3.31627455,2.313088877,2.451274848,1.500533584,7.256399049,3.68298317,4.683895864,7.02669622,3.977982314,4.183262556,3.527311631,2.190824852,3.56752518,4.285767737,3.449525735,3.902534886,5.182939204,5.11280807,4.898511608,2.139995013,2.50297303,3.267471758,5.011269133,3.909611357,6.75866608,5.812486417,6.658318867,4.364274338,5.444051374,5.216895537,4.187829704,3.029918623,2.751954513,7.29628084,5.096393921,4.684906942,5.524163916,4.683208914,6.090384396,9.277864224,5.787616021,2.698008281,3.392414189,1.933195729,7.818378772,1.986188846,NA
2.173461039,1.917722517,3.647328835,2.987497677,2.113199806,3.449509752,4.145992329,3.450968995,3.737080419,3.293674675,2.566659836,2.078340161,2.888524327,2.212613907,4.100975037,4.409331836,4.117674951,4.325700053,3.432387527,2.425435318,4.814176381,4.191646433,4.027032244,3.717668137,3.262118383,3.714271452,2.605226354,5.711105399,4.81262722,3.66233303,6.477923335,1.817026169,5.35060903,7.566001959,4.316554059,5.564607112,3.915558053,1.176397646,3.903519862,1.328552967,1.408057178,4.66748722,3.262496451,6.575790046,5.887096474,3.472184126,3.416973154,2.509038191,3.638581651,0.916727444,5.277648983,5.98673629,7.466473543,4.792479111,1.915562913,3.475254363,3.844273704,2.80613221,4.274750526,6.255270206,1.718876784,6.820397123,5.503591948,NA
3.303350569,2.563641012,5.183223174,2.88412821,1.986263944,3.76583503,2.836154748,3.890909047,2.899281644,2.750237929,3.91926009,4.787360707,2.922452036,6.306283508,3.135677939,5.188035328,3.735707052,3.88848283,1.757650143,2.83557263,1.716315783,1.483398678,2.145867271,3.714373051,3.445795768,2.969170508,5.05123951,3.240386436,1.344281856,2.811962826,3.429873095,4.935226011,2.615918612,3.735783953,4.482685048,4.64849287,2.996315474,3.20393484,2.628180131,3.092564157,3.748801813,2.059326854,5.906971724,7.126127116,4.133042902,7.122623192,2.220021094,3.934974386,4.997042961,7.401634292,4.828264297,4.412579256,2.608719385,4.705128678,1.715404971,7.436805797,3.682466876,3.996737155,4.321674838,6.848398669,6.662150294,3.338010466,5.048007259,NA
4.014776649,4.242055139,3.433638219,5.011607361,1.876194013,4.756054103,3.508506191,3.012242358,4.910838557,3.087668493,3.971897644,3.048193189,3.415598547,3.533323845,4.142669119,4.133632455,3.354850335,4.462864403,2.981538029,1.646612789,4.168142571,6.804590243,6.285589538,2.177181431,4.640211277,3.746590666,5.293907545,1.660563807,3.563222591,3.673149554,4.549234381,5.370838867,5.752240819,2.730090668,4.161966706,7.411134226,3.452632241,3.082999748,3.855138931,6.91105299,4.68481304,3.214277929,6.656986096,4.35457763,5.507762369,1.952486255,2.672480971,5.060878075,2.940828342,1.168123655,6.689677151,5.589834494,1.569969577,6.72804676,1.391515884,1.745318753,6.966132715,2.240395363,4.631983716,6.288394351,5.477174977,5.479063049,6.443457589,NA
6.278454981,3.892736689,2.771806451,3.658510028,2.192840867,3.935217349,1.385767681,3.475854994,2.630174883,1.963547618,2.831830443,4.94288196,3.693211686,1.808930213,2.078862937,5.357354911,4.757238476,4.897739023,2.595707218,3.413698521,2.242229609,2.724115404,4.505823831,3.330296777,5.403704032,6.072213736,3.380794495,3.295028205,3.0992574,3.097604044,5.864503694,4.96748066,4.316931301,9.408847403,4.201032476,3.6161917,3.934235521,2.052826973,5.483531923,5.251120407,5.569467964,5.540413231,7.418033787,7.437699893,5.051746522,1.593284238,2.577292057,2.430312674,3.184981265,2.501416668,2.312006085,5.886931003,2.015763274,6.030719441,2.240251008,6.875923544,6.872938183,3.454022272,6.926894004,6.387280351,6.265845975,7.271146473,6.95979372,NA
1.813448815,3.184955381,3.659118109,2.824087016,3.187356758,3.120902786,8.131716409,2.211887561,3.705915733,4.541659935,4.034503317,3.059045265,2.910381517,5.511802913,2.873139309,2.871749628,3.834632336,4.154453321,4.921386424,2.196759131,2.124339287,2.299329627,4.72525493,3.833543168,6.530177226,6.373974489,5.01495116,4.340061287,5.253836634,4.325833868,5.639147608,5.404198666,4.193125265,2.908111945,5.061273317,4.043807227,2.544572483,2.040575545,4.665181294,3.641673954,2.611588604,5.243463501,7.284605773,4.815189224,5.911527184,2.044698856,6.557896657,1.674295714,3.848415807,4.954527702,5.043062344,6.887777107,5.016011152,2.309461387,3.281093924,4.708960217,1.975182536,4.729080151,3.866707284,3.213415129,5.277156903,8.762982568,5.455263535,NA
2.443245104,2.535108966,3.131275156,3.455036059,2.9140845,3.563950584,2.773500169,4.598083762,3.439061557,3.759750497,2.170611256,3.945485043,1.552611745,4.31861309,4.589473525,2.181770098,4.332336959,5.442794066,3.571252615,2.292680577,7.165009551,1.976441669,2.223594053,4.37568621,5.574665218,3.739867068,6.99773864,1.668224346,7.470505734,2.04762478,5.397579128,4.609838158,5.446340305,3.57188102,3.34263282,5.907720095,6.071511931,1.478210524,1.889007385,1.86527199,5.449250521,3.028398974,2.826818873,7.694910582,6.156079368,1.761323037,2.167672861,2.717615923,3.265356279,3.514690282,3.782967101,3.147091666,3.269115096,8.635578936,3.671426561,8.221352027,2.556258371,5.681421274,4.558298291,2.937902398,1.643028965,6.270648331,1.831043388,NA
2.520358452,3.254403433,3.065083484,4.280394208,3.342898404,2.313300351,4.048151595,2.792541137,3.923380066,3.828485442,3.52586078,1.492936749,6.16806589,5.036347225,4.112461585,5.425390709,3.525300989,4.658601939,5.20181773,4.192545942,5.403009553,4.36663068,3.525381678,5.088294476,3.661889483,4.180718078,4.22917504,2.803381629,5.861074509,2.420041653,1.68018855,3.945590577,3.849414135,1.867779636,5.232524693,3.127759129,2.379962609,7.107357836,4.614243604,6.571209999,6.808728991,2.657368806,3.639323313,4.445439911,4.370045644,2.582729343,3.134718869,8.761705086,3.007953318,6.915940905,7.470316632,2.492495236,6.347334434,6.140366687,3.046823944,2.660527011,2.002832529,1.988467362,2.798585988,5.171346632,6.332809177,3.744188823,8.503131835,NA
3.217346737,2.514183002,2.623805791,3.791127096,6.228225141,3.440589532,3.289421229,3.148908946,2.724143815,3.414012034,2.041663186,4.375049617,4.325375518,3.536850351,4.268424654,2.688371439,3.969255248,3.633808536,3.242544745,5.479408091,2.705362223,4.167442663,4.183826764,1.969339714,5.559630212,4.445221698,3.990446536,6.981161358,3.023659772,3.307491524,2.842103416,4.869214968,3.068672057,1.947074114,2.648851981,3.836656097,2.169903766,3.912909403,3.120813738,2.07840823,4.124772927,1.774404287,2.14086037,4.946870565,5.288821053,3.033963632,4.572969047,5.273553151,4.140630749,3.627247611,4.796605686,6.972822787,1.560957508,4.357360018,1.689115924,3.837787705,2.307841807,4.859770682,1.26104283,3.224761378,4.887857542,4.624156709,5.718228199,NA
2.637033037,1.930827175,4.509222055,2.956331297,2.339422922,3.92327428,4.880221821,3.417881506,3.951447189,2.793247525,1.890497524,3.675099542,3.852560633,4.509144002,3.327281394,4.186662968,4.855601775,3.249757147,3.014189489,2.241849794,3.573985414,3.875948372,3.980535723,3.568058212,6.034929133,4.35565289,4.728019484,4.244136405,2.829135729,4.792262785,7.353219235,6.127093297,8.754543529,4.248351034,5.564276063,3.85967405,3.446576776,3.12619716,1.370808841,7.098135921,5.366127977,3.965606976,3.596829272,6.508295191,5.817862856,2.112594435,1.867258882,5.361825936,2.466972951,4.931368117,3.007625254,6.632345563,7.400746283,5.874911287,3.506126999,8.273789448,3.549198732,5.398815052,6.486328199,5.818703653,5.846761624,6.462227734,7.316787937,NA
4.884602693,2.584906086,2.440631513,4.004532688,6.458654727,1.633127314,2.441493823,4.543295792,2.340587257,4.015590127,2.00876351,3.031077426,2.942569947,1.894991342,5.425635907,2.65538731,2.886505649,3.697301426,2.741815614,4.36859523,2.31564369,5.368536475,4.176538625,5.416161446,5.929324217,5.411720497,4.671972309,2.867167895,1.349115511,2.265922414,1.918974014,5.907774303,5.022492985,6.236017439,4.273334195,6.333022146,5.131424779,4.683590035,5.041100584,4.549006379,5.005597891,7.263990889,4.593964267,1.827345731,6.100672384,1.870708161,5.527463003,2.358880789,6.487140277,5.231884971,7.524181786,6.884697648,2.184434217,5.655026495,4.385466081,2.275859402,6.58428054,5.087608349,6.318235171,7.423766218,7.636357997,5.923538842,9.611162298,NA
5.162775809,5.868362205,3.686779068,3.166302695,3.657948732,1.844632401,2.088272996,2.662683765,2.79079521,5.058883746,2.380974637,5.169268864,5.560692586,2.62558034,5.262804506,4.7008183,2.583346749,4.085009105,3.887274206,1.528915757,2.685116049,4.334555185,7.112170733,4.166056227,3.875110985,3.096386378,5.406516113,2.184072703,5.386122657,3.562490714,2.802819355,4.655762374,5.113546242,5.368537903,4.284321644,2.986092014,2.572624785,2.636937308,2.085146147,3.975692586,2.847125575,4.676393476,4.698553823,4.828977768,4.52607301,1.625867438,1.536574059,2.873158807,4.427400708,4.610144376,5.022389363,3.505241733,5.592847947,5.529010031,7.306111864,2.714317322,3.391371026,2.201735697,9.197433439,2.433399974,6.557420099,2.768261964,7.133111128,NA
